{"tfidf":{"ate":0.0,"away":0.0,"cat":0.0,"end":0.0,"finally":0.0,"from":0.0,"had":0.4935620853,"house":0.3982027827,"little":0.4935620853,"mouse":0.2351849781,"of":0.0,"ran":0.0,"saw":0.0,"story":0.0,"the":0.2351849781,"tiny":0.4935620853}}
